{"cameraMode":{"drawMode":0,"name":"Shaded","section":"Shading Mode"},"sceneLighting":false,"audioPlay":false,"sceneViewState":{"showFog":true,"showMaterialUpdate":false,"showSkybox":false,"showFlares":true,"showImageEffects":true,"showParticleSystems":true},"in2DMode":false,"pivot":{"x":0.24553045630455018,"y":-2.0004658699035646,"z":0.024384478107094766},"rotation":{"x":0.34824687242507937,"y":-0.6120891571044922,"z":0.34285852313041689,"w":0.6217111349105835},"size":22.0,"orthographic":true}